Component,C# Class,C# Interface
PoW Mining,`PowMining <https://github.com/stratisproject/StratisBitcoinFullNode/blob/master/src/Stratis.Bitcoin.Features.Miner/PowMining.cs>`_,`IPowMining <https://github.com/stratisproject/StratisBitcoinFullNode/blob/master/src/Stratis.Bitcoin.Features.Miner/Interfaces/IPowMining.cs>`_
PoS Minting,`PosMinting <https://github.com/stratisproject/StratisBitcoinFullNode/blob/master/src/Stratis.Bitcoin.Features.Miner/Staking/PosMinting.cs>`_,`IPosMinting <https://github.com/stratisproject/StratisBitcoinFullNode/blob/master/src/Stratis.Bitcoin.Features.Miner/Interfaces/IPosMinting.cs>`_
PoA Miner,`PoAMiner <https://github.com/stratisproject/StratisBitcoinFullNode/blob/master/src/Stratis.Bitcoin.Features.PoA/PoAMiner.cs>`_,`IPoAMiner <https://github.com/stratisproject/StratisBitcoinFullNode/blob/master/src/Stratis.Bitcoin.Features.PoA/PoAMiner.cs>`_
Chained Header Tree,`ChainedHeaderTree <https://github.com/stratisproject/StratisBitcoinFullNode/blob/master/src/Stratis.Bitcoin/Consensus/ChainedHeaderTree.cs>`_,`IChainedHeaderTree <https://github.com/stratisproject/StratisBitcoinFullNode/blob/master/src/Stratis.Bitcoin/Consensus/ChainedHeaderTree.cs>`_
Consensus Manager,`ConsensusManager <https://github.com/stratisproject/StratisBitcoinFullNode/blob/master/src/Stratis.Bitcoin/Consensus/ConsensusManager.cs>`_,`IConsensusManager <https://github.com/stratisproject/StratisBitcoinFullNode/blob/master/src/Stratis.Bitcoin/Consensus/IConsensusManager.cs>`_
Consensus Manager Behavior,`Consensus Manager Behavior <https://github.com/stratisproject/StratisBitcoinFullNode/blob/master/src/Stratis.Bitcoin/Consensus/ConsensusManagerBehavior.cs>`_,N/A
Header Validator,`HeaderValidator <https://github.com/stratisproject/StratisBitcoinFullNode/blob/master/src/Stratis.Bitcoin/Consensus/Validators/BlockValidator.cs>`_,`IHeaderValidator  <https://github.com/stratisproject/StratisBitcoinFullNode/blob/master/src/Stratis.Bitcoin/Consensus/Validators/BlockValidator.cs>`_
Integrity Validator ,`IntegrityValidator <https://github.com/stratisproject/StratisBitcoinFullNode/blob/master/src/Stratis.Bitcoin/Consensus/Validators/BlockValidator.cs>`_,`IIntegrity Validator  <https://github.com/stratisproject/StratisBitcoinFullNode/blob/master/src/Stratis.Bitcoin/Consensus/Validators/BlockValidator.cs>`_
Partial Validator,`PartialValidator  <https://github.com/stratisproject/StratisBitcoinFullNode/blob/master/src/Stratis.Bitcoin/Consensus/Validators/BlockValidator.cs>`_,`IPartialValidator  <https://github.com/stratisproject/StratisBitcoinFullNode/blob/master/src/Stratis.Bitcoin/Consensus/Validators/BlockValidator.cs>`_
Full Validator,`FullValidator  <https://github.com/stratisproject/StratisBitcoinFullNode/blob/master/src/Stratis.Bitcoin/Consensus/Validators/BlockValidator.cs>`_,`IFullValidator <https://github.com/stratisproject/StratisBitcoinFullNode/blob/master/src/Stratis.Bitcoin/Consensus/Validators/BlockValidator.cs>`_
Consensus Rule Engine,`ConsensusRuleEngine <https://github.com/stratisproject/StratisBitcoinFullNode/blob/master/src/Stratis.Bitcoin/Consensus/ConsensusRuleEngine.cs>`_,`IConsensusRuleEngine <https://github.com/stratisproject/StratisBitcoinFullNode/blob/master/src/Stratis.Bitcoin/Consensus/IConsensusRuleEngine.cs>`_
PoW Consensus Rule Engine,`PowConsensusRuleEngine <https://github.com/stratisproject/StratisBitcoinFullNode/blob/master/src/Stratis.Bitcoin.Features.Consensus/Rules/PowConsensusRuleEngine.cs>`_,N/A
PoS Consensus Rule Engine,`PosConsensusRuleEngine <https://github.com/stratisproject/StratisBitcoinFullNode/blob/master/src/Stratis.Bitcoin.Features.Consensus/Rules/PosConsensusRuleEngine.cs>`,N/A
PoA Consensus Rule Engine,`PoAConsensusRuleEngine <https://github.com/stratisproject/StratisBitcoinFullNode/blob/master/src/Stratis.Bitcoin.Features.PoA/PoAConsensusRuleEngine.cs>`_,N/A
Block Puller,`BlockPuller <https://github.com/stratisproject/StratisBitcoinFullNode/blob/master/src/Stratis.Bitcoin/BlockPulling/BlockPuller.cs>`_,`IBlockPuller <https://github.com/stratisproject/StratisBitcoinFullNode/blob/master/src/Stratis.Bitcoin/BlockPulling/BlockPuller.cs>`_
Block Puller Behavior,`BlockPullerBehavior <https://github.com/stratisproject/StratisBitcoinFullNode/blob/master/src/Stratis.Bitcoin/BlockPulling/BlockPullerBehavior.cs>`_,N/A